1 User:
mail: holmes.patricia@hillel.ua,  name: Patricia Holmes
2 User:
mail: wallace.patrick@hillel.ua,  name: Patrick Wallace
3 User:
mail: barton.cheryl@hillel.ua,  name: Cheryl Barton
4 User:
mail: rogers.jesse@hillel.ua,  name: Jesse Rogers
5 User:
mail: warren.melissa@hillel.ua,  name: Melissa Warren
6 User:
mail: schroeder.michael@hillel.ua,  name: Michael Schroeder
7 User:
mail: palmer.david@hillel.ua,  name: David Palmer
8 User:
mail: nguyen.heather@hillel.ua,  name: Heather Nguyen
9 User:
mail: molina.kevin@hillel.ua,  name: Kevin Molina
10 User:
mail: simpson.donald@hillel.ua,  name: Donald Simpson
11 User:
mail: ellis.brian@hillel.ua,  name: Brian Ellis
12 User:
mail: rose.william@hillel.ua,  name: William Rose
13 User:
mail: glass.billy@hillel.ua,  name: Billy Glass
14 User:
mail: sullivan.shawn@hillel.ua,  name: Shawn Sullivan
15 User:
mail: young.terry@hillel.ua,  name: Terry Young
16 User:
mail: anderson.david@hillel.ua,  name: David Anderson
17 User:
mail: smith.kyle@hillel.ua,  name: Kyle Smith
18 User:
mail: elliott.lindsey@hillel.ua,  name: Lindsey Elliott
19 User:
mail: schultz.kenneth@hillel.ua,  name: Kenneth Schultz
20 User:
mail: collins.valerie@hillel.ua,  name: Valerie Collins
21 User:
mail: simmons.cynthia@hillel.ua,  name: Cynthia Simmons
22 User:
mail: nunez.kevin@hillel.ua,  name: Kevin Nunez
23 User:
mail: cunningham.timothy@hillel.ua,  name: Timothy Cunningham
24 User:
mail: curry.elizabeth@hillel.ua,  name: Elizabeth Curry
25 User:
mail: thompson.jennifer@hillel.ua,  name: Jennifer Thompson
26 User:
mail: gordon.robert@hillel.ua,  name: Robert Gordon
27 User:
mail: richard.noah@hillel.ua,  name: Noah Richard
28 User:
mail: becker.samantha@hillel.ua,  name: Samantha Becker
29 User:
mail: johnson.jennifer@hillel.ua,  name: Jennifer Johnson
30 User:
mail: andrade.seth@hillel.ua,  name: Seth Andrade
31 User:
mail: johnson.pamela@hillel.ua,  name: Pamela Johnson
32 User:
mail: hughes.audrey@hillel.ua,  name: Audrey Hughes
33 User:
mail: carroll.kevin@hillel.ua,  name: Kevin Carroll
34 User:
mail: parsons.scott@hillel.ua,  name: Scott Parsons
35 User:
mail: robinson.patricia@hillel.ua,  name: Patricia Robinson
36 User:
mail: hughes.jose@hillel.ua,  name: Jose Hughes
37 User:
mail: miranda.ryan@hillel.ua,  name: Ryan Miranda
38 User:
mail: perry.amanda@hillel.ua,  name: Amanda Perry
39 User:
mail: hall.christopher@hillel.ua,  name: Christopher Hall
40 User:
mail: williams.robert@hillel.ua,  name: Robert Williams
41 User:
mail: clark.laura@hillel.ua,  name: Laura Clark
42 User:
mail: wallace.john@hillel.ua,  name: John Wallace
43 User:
mail: weaver.cindy@hillel.ua,  name: Cindy Weaver
44 User:
mail: hart.brianna@hillel.ua,  name: Brianna Hart
45 User:
mail: johnson.brian@hillel.ua,  name: Brian Johnson
46 User:
mail: miles.travis@hillel.ua,  name: Travis Miles
47 User:
mail: greer.robert@hillel.ua,  name: Robert Greer
48 User:
mail: pratt.angela@hillel.ua,  name: Angela Pratt
49 User:
mail: ramos.kathleen@hillel.ua,  name: Kathleen Ramos
50 User:
mail: wright.derrick@hillel.ua,  name: Derrick Wright
51 User:
mail: mcbride.chloe@hillel.ua,  name: Chloe Mcbride
52 User:
mail: johnson.kevin@hillel.ua,  name: Kevin Johnson
53 User:
mail: ford.april@hillel.ua,  name: April Ford
54 User:
mail: miller.william@hillel.ua,  name: William Miller
55 User:
mail: jennifer.mrs.@hillel.ua,  name: Mrs. Jennifer Shea
56 User:
mail: fritz.jordan@hillel.ua,  name: Jordan Fritz
57 User:
mail: huber.jon@hillel.ua,  name: Jon Huber
58 User:
mail: gonzalez.mitchell@hillel.ua,  name: Mitchell Gonzalez
59 User:
mail: davies.eddie@hillel.ua,  name: Eddie Davies
60 User:
mail: monroe.alejandra@hillel.ua,  name: Alejandra Monroe
61 User:
mail: novak.christopher@hillel.ua,  name: Christopher Novak
62 User:
mail: douglas.katherine@hillel.ua,  name: Katherine Douglas
63 User:
mail: thomas.chad@hillel.ua,  name: Chad Thomas
64 User:
mail: jordan.shawn@hillel.ua,  name: Shawn Jordan
65 User:
mail: macdonald.jorge@hillel.ua,  name: Jorge Macdonald
66 User:
mail: duncan.robert@hillel.ua,  name: Robert Duncan
67 User:
mail: thompson.louis@hillel.ua,  name: Louis Thompson
68 User:
mail: vazquez.kelly@hillel.ua,  name: Kelly Vazquez
69 User:
mail: tapia.douglas@hillel.ua,  name: Douglas Tapia
70 User:
mail: laura.mrs.@hillel.ua,  name: Mrs. Laura Schmidt
71 User:
mail: delacruz.veronica@hillel.ua,  name: Veronica Delacruz
72 User:
mail: flores.kenneth@hillel.ua,  name: Kenneth Flores
73 User:
mail: walker.nicholas@hillel.ua,  name: Nicholas Walker
74 User:
mail: shannon.carlos@hillel.ua,  name: Carlos Shannon
75 User:
mail: patterson.denise@hillel.ua,  name: Denise Patterson
76 User:
mail: houston.beverly@hillel.ua,  name: Beverly Houston
77 User:
mail: anderson.jamie@hillel.ua,  name: Jamie Anderson
78 User:
mail: lewis.timothy@hillel.ua,  name: Timothy Lewis DVM
79 User:
mail: anderson.laura@hillel.ua,  name: Laura Anderson
80 User:
mail: olson.ellen@hillel.ua,  name: Ellen Olson
81 User:
mail: woods.kathy@hillel.ua,  name: Kathy Woods
82 User:
mail: foley.tony@hillel.ua,  name: Tony Foley
83 User:
mail: dyer.audrey@hillel.ua,  name: Audrey Dyer
84 User:
mail: fisher.luis@hillel.ua,  name: Luis Fisher
85 User:
mail: martinez.autumn@hillel.ua,  name: Autumn Martinez
86 User:
mail: taylor.pamela@hillel.ua,  name: Pamela Taylor
87 User:
mail: watson.sandra@hillel.ua,  name: Sandra Watson
88 User:
mail: campbell.julie@hillel.ua,  name: Julie Campbell
89 User:
mail: mathis.william@hillel.ua,  name: William Mathis
90 User:
mail: simmons.leroy@hillel.ua,  name: Leroy Simmons
91 User:
mail: thompson.kathleen@hillel.ua,  name: Kathleen Thompson
92 User:
mail: rubio.anthony@hillel.ua,  name: Anthony Rubio
93 User:
mail: jones.nicole@hillel.ua,  name: Nicole Jones
94 User:
mail: brown.jeffrey@hillel.ua,  name: Jeffrey Brown
95 User:
mail: snow.patrick@hillel.ua,  name: Patrick Snow
96 User:
mail: cole.amanda@hillel.ua,  name: Amanda Cole
97 User:
mail: potter.timothy@hillel.ua,  name: Timothy Potter
98 User:
mail: romero.spencer@hillel.ua,  name: Spencer Romero
99 User:
mail: burns.david@hillel.ua,  name: David Burns
100 User:
mail: scott.nathaniel@hillel.ua,  name: Nathaniel Scott
